﻿{"cameraMode":{"drawMode":0,"name":"Shaded","section":"Shading Mode"},"sceneLighting":true,"audioPlay":false,"sceneViewState":{"showFog":false,"showMaterialUpdate":false,"showSkybox":false,"showFlares":false,"showImageEffects":false,"showParticleSystems":false},"in2DMode":false,"pivot":{"x":0.8066146373748779,"y":-0.05576765537261963,"z":-1.2367080450057984},"rotation":{"x":0.07698320597410202,"y":-0.8580664992332459,"z":0.1349550038576126,"w":0.48947271704673769},"size":5.0490193367004398,"orthographic":false}