﻿{"cameraMode":{"drawMode":0,"name":"Shaded","section":"Shading Mode"},"sceneLighting":true,"audioPlay":false,"sceneViewState":{"showFog":false,"showMaterialUpdate":false,"showSkybox":false,"showFlares":false,"showImageEffects":false,"showParticleSystems":false},"in2DMode":false,"pivot":{"x":0.2749621570110321,"y":-0.21338918805122376,"z":-0.23770521581172944},"rotation":{"x":0.07698320597410202,"y":-0.8580664992332459,"z":0.1349550038576126,"w":0.48947271704673769},"size":2.06974196434021,"orthographic":false}