﻿{"cameraMode":{"drawMode":0,"name":"Shaded","section":"Shading Mode"},"sceneLighting":false,"audioPlay":false,"sceneViewState":{"showFog":true,"showMaterialUpdate":true,"showSkybox":true,"showFlares":true,"showImageEffects":true,"showParticleSystems":true},"in2DMode":false,"pivot":{"x":0.24450017511844636,"y":0.33673417568206789,"z":0.5172839164733887},"rotation":{"x":-0.003092780476436019,"y":0.9945902228355408,"z":-0.09909837692975998,"w":-0.0310403760522604},"size":1.5007789134979249,"orthographic":false}